Id,Surname,FirstName,DateOfBirth,HireDate,Department,Email,PhoneNumber,
,Ferguson,Robert,1968-12-10,2018-09-19,1,brooksabigail@gmail.com,07608998746,
,Barker,Adam,1982-04-13,2005-06-12,2,smithdebra@yahoo.com,07112128110,
,Fleming,Melissa,1977-02-05,2007-07-15,3,bradkelly@gmail.com,07914269399,
,Bright,Alejandra,1961-09-07,2010-12-08,1,wchristensen@parker.com,07756378357,
,Pruitt,Matthew,1974-12-08,2011-01-15,5,moranjason@gmail.com,07814016865,
,Kim,Jeffery,1974-04-30,2005-07-08,4,henryjennifer@nelson.com,07506833459,
,Taylor,Vicki,1965-12-28,2014-02-09,1,ortegacharles@hotmail.com,07564165866,
,Stanton,Wesley,1961-05-27,2006-08-06,1,echristian@harris-dickerson.biz,07136183788,
,Harper,Sarah,1981-04-08,2012-10-19,20,hmartin@yahoo.com,07572922290,
,Miller,John,1966-03-21,2021-05-19,3,jmiller@yahoo.com,07572922290,
,Cooper,Mini,1986-02-22,2023-06-12,4,mcooper@yahoo.com,02356454463,
